objectPath,objectName,objectType,id
/Explore/Default,Synchronization_BV_FIRSTName_EMP,DSS,gHqY4asmo8JbnXrpki2IiO
/Explore/Default,BV_Bonny_QuizSchema,HSCHEMA,6pWG0Jo7YchlTYZ0tZYYug
/Explore/Default,BV_Bonny_Replication,DRS,jaIf9k5XBWmeVtfu3FZIuC
/SYS,Bonny,AgentGroup,2MI2dC1uXbckzLVGyQkgm2
/Explore/Default,Synchronization_BV_Bonny_Outlet,DSS,532ucXrAGsDkvIQH5qq8YJ
/Explore/Default,BV_Bonny_DynamicLinking,DTEMPLATE,3hMwARabfN3ibOm1iVfZIU
/Explore/Default,BV_Bonny_WebServices,DTEMPLATE,6MyT2kCKmKsfh7CyTx01u5
/Explore/Default,BV_ Bonny_parallel_taskflow,TASKFLOW,7TKM1Kjc0sAjVapCpWKuEX
/Explore/Default,BV_Bonny_ParameterizedMappingTask,MTT,7H9r6N8ljQujtWhgqmNJyn
/SYS,BV_BONNY_SalesForce,Connection,2gaymiy7uJvhJP6hY0OBie
/Explore/Default,BV_Bonny_NormalizerAggregator,DTEMPLATE,k8eHlOnTrCMjg4eUUPCnKW
/SYS,BV_BONNY_Oracle,Connection,26es3ooJVj6fHpCXATNgAq
/Explore/Default,BV_Bonny_Pushdown_Opt,DTEMPLATE,0cSLYb6UJyklqHjk6HuS8R
/SYS,BV_Bonny_OpenWeather_RestV2,Connection,aHQCjOSOFQ0bYLD6g7cZ2p
/Explore/Default,BV_Bonny_ErrorHandling,DTEMPLATE,gBJBegDhkK3bGE3yXUrRWe
/Explore/Default,BV_Bonny_StructureParser,DTEMPLATE,8z6wv8vdio2hhEwLop0oQZ
/Explore/Default,BV_Listner_Taskflow,TASKFLOW,hlWXOpIiXUheIV0flD57yt
/Explore/Default,BV_Bonny_Emp,HSCHEMA,06VMsEDWv0afrkCBQNSZE7
/Explore/Default,BV_Bonny_NumberConversion,BSERVICE,7Z39VMbg0spfrdH5rOS5ed
/Explore/Default,BV_Bonny_GetWeather_By_City,DTEMPLATE,5MHR174sl7CdWv5llPEZYq
/Explore/Default,BV_Bonny_IntelligentStructureModel,STRUCTURE_DISCOVERY,8ASZkBx2us9cOSF4lDyjeA
/Explore/Default,BV_ErrorHandling_Task,MTT,6vF5iay3z7nlIaJRTdrBGN
/Explore/Default,BV_Bonny_InOutParameter,DTEMPLATE,97VUE5LyThMgNUD8bcBvs7
/Explore/Default,BV_Bonny_Employees,DTEMPLATE,1DUgzLJShD5k3kZR6QjjmA
/Explore/Default,BV_InOut_Taskflow,TASKFLOW,158zpmYItG1hUc0AcCeucD
/Explore/Default,Synchronization_BV_Bonny_Multiple,DSS,5D6B5eALszWdflqkVGnR68
/Explore/Default,BV_Bonny_LookupOverride,DTEMPLATE,jXD0HUQGDgzbPYBHAqGOMr
/SYS,BV_Bonny_WSConnection,Connection,jRE9tNhYrGNiMTXL86vAAN
/SYS,BV_BONNY_LocalCSVFiles,Connection,41OrQ9qQt7ylmOnjGWDws2
/Explore/Default,BV_Bonny_Mapping_NormalizerAgg,MTT,0adjK7DL8WBe8kDhoDjsAt
/Explore,Default,Project,7qUXqxugPasgfzB2Ci1ey3
/Explore/Default,BV_Bonny_MacroDateFormat,DTEMPLATE,0i7YKn94dbRjaG9vRaYAKM
/Explore/Default,BV_Bonny_UnconnectedLookup,DTEMPLATE,3l9UnKf53sNk3eZshNndSr
/Explore/Default,File_listener,MI_FILE_LISTENER,6B0AqljFuimbe7EL96wjob
/Explore/Default,BV_Bonny_HierarchyBuilder,DTEMPLATE,78iGiYlsNExefT0N2x4Lqq
/Explore/Default,BV_Bonny_Pushdown,MTT,54Smw9xkISthHCiq1SC5kW
/Explore/Default,BV_Bonny_Partition,DTEMPLATE,3cJvWpHcvQWhXSUAb9Fe0O
/Explore/Default,File_Listener_Task,DSS,9GWanYbt6DNfzurNZX9Z2I
/Explore/Default,BV_Bonny_PhNo_Masking,DMASK,kXUq5G6SMaAfK8LtNYepGV
/Explore/Default,BV_Bonny_SQL_Transformation,DTEMPLATE,fgEjVe0TF6fgg6qp3vv32L
/Explore/Default,BV_Bonny_BasicTransformations,DTEMPLATE,6Vpn6g1mdWBb6ShlCAiKG5
/Explore/Default,BV_Bonny_MappingParameters,DTEMPLATE,eDUsoxvmKuxeLRQ6gKYxMc
/Explore/Default,BV_InOutParameter_Task,MTT,l4JCrIFwo4ecnvgcR8zTqu