{
  "name" : "Bonny-IICS",
  "sourceOrgId" : "4ZJZ47XO7j4e3CJ7oVlFiI",
  "sourceOrgName" : "Synec",
  "exportedObjects" : [ {
    "objectGuid" : "gHqY4asmo8JbnXrpki2IiO",
    "objectName" : "Synchronization_BV_FIRSTName_EMP",
    "objectType" : "DSS",
    "path" : "/Explore/Default",
    "metadata" : {
      "modelVersion" : {
        "major" : 0,
        "minor" : 0
      },
      "repoInfo" : {
        "repoHandle" : "01121T0I000000000003"
      },
      "objectRefs" : [ "2gaymiy7uJvhJP6hY0OBie", "41OrQ9qQt7ylmOnjGWDws2" ],
      "contextAttributes" : [ {
        "name" : "id",
        "value" : "@1"
      } ],
      "additionalInfo" : {
        "description" : "",
        "contentType" : "JSON",
        "documentState" : "VALID"
      }
    }
  }, {
    "objectGuid" : "6pWG0Jo7YchlTYZ0tZYYug",
    "objectName" : "BV_Bonny_QuizSchema",
    "objectType" : "HSCHEMA",
    "path" : "/Explore/Default",
    "metadata" : {
      "modelVersion" : {
        "major" : 0,
        "minor" : 0
      },
      "repoInfo" : {
        "repoHandle" : "01121T36000000000003"
      },
      "objectRefs" : [ ],
      "contextAttributes" : [ {
        "name" : "id",
        "value" : "@1"
      } ],
      "additionalInfo" : {
        "description" : "",
        "contentType" : "JSON",
        "documentState" : "VALID"
      }
    }
  }, {
    "objectGuid" : "jaIf9k5XBWmeVtfu3FZIuC",
    "objectName" : "BV_Bonny_Replication",
    "objectType" : "DRS",
    "path" : "/Explore/Default",
    "metadata" : {
      "modelVersion" : {
        "major" : 0,
        "minor" : 0
      },
      "repoInfo" : {
        "repoHandle" : "01121T0G000000000002"
      },
      "objectRefs" : [ "2gaymiy7uJvhJP6hY0OBie", "41OrQ9qQt7ylmOnjGWDws2" ],
      "contextAttributes" : [ {
        "name" : "id",
        "value" : "@1"
      } ],
      "additionalInfo" : {
        "description" : null,
        "contentType" : "JSON",
        "documentState" : "VALID"
      }
    }
  }, {
    "objectGuid" : "2MI2dC1uXbckzLVGyQkgm2",
    "objectName" : "Bonny",
    "objectType" : "AgentGroup",
    "path" : "/SYS",
    "metadata" : {
      "modelVersion" : {
        "major" : 0,
        "minor" : 0
      },
      "repoInfo" : {
        "repoHandle" : "01121T25000000000002"
      },
      "objectRefs" : [ ],
      "contextAttributes" : [ {
        "name" : "id",
        "value" : "@1"
      } ],
      "additionalInfo" : {
        "description" : null,
        "contentType" : "JSON",
        "documentState" : "VALID"
      }
    }
  }, {
    "objectGuid" : "532ucXrAGsDkvIQH5qq8YJ",
    "objectName" : "Synchronization_BV_Bonny_Outlet",
    "objectType" : "DSS",
    "path" : "/Explore/Default",
    "metadata" : {
      "modelVersion" : {
        "major" : 0,
        "minor" : 0
      },
      "repoInfo" : {
        "repoHandle" : "01121T0I000000000002"
      },
      "objectRefs" : [ "2gaymiy7uJvhJP6hY0OBie", "41OrQ9qQt7ylmOnjGWDws2" ],
      "contextAttributes" : [ {
        "name" : "id",
        "value" : "@1"
      } ],
      "additionalInfo" : {
        "description" : "",
        "contentType" : "JSON",
        "documentState" : "VALID"
      }
    }
  }, {
    "objectGuid" : "3hMwARabfN3ibOm1iVfZIU",
    "objectName" : "BV_Bonny_DynamicLinking",
    "objectType" : "DTEMPLATE",
    "path" : "/Explore/Default",
    "metadata" : {
      "modelVersion" : {
        "major" : 0,
        "minor" : 0
      },
      "repoInfo" : {
        "repoHandle" : "01121T1700000000000A"
      },
      "objectRefs" : [ "41OrQ9qQt7ylmOnjGWDws2" ],
      "contextAttributes" : [ {
        "name" : "id",
        "value" : "@1"
      } ],
      "additionalInfo" : {
        "description" : "",
        "contentType" : "JSON",
        "documentState" : "VALID"
      }
    }
  }, {
    "objectGuid" : "6MyT2kCKmKsfh7CyTx01u5",
    "objectName" : "BV_Bonny_WebServices",
    "objectType" : "DTEMPLATE",
    "path" : "/Explore/Default",
    "metadata" : {
      "modelVersion" : {
        "major" : 0,
        "minor" : 0
      },
      "repoInfo" : {
        "repoHandle" : "01121T1700000000000E"
      },
      "objectRefs" : [ "7Z39VMbg0spfrdH5rOS5ed", "41OrQ9qQt7ylmOnjGWDws2" ],
      "contextAttributes" : [ {
        "name" : "id",
        "value" : "@1"
      } ],
      "additionalInfo" : {
        "description" : "",
        "contentType" : "JSON",
        "documentState" : "VALID"
      }
    }
  }, {
    "objectGuid" : "7TKM1Kjc0sAjVapCpWKuEX",
    "objectName" : "BV_ Bonny_parallel_taskflow",
    "objectType" : "TASKFLOW",
    "path" : "/Explore/Default",
    "metadata" : {
      "modelVersion" : {
        "major" : 1,
        "minor" : 0
      },
      "repoInfo" : {
        "repoHandle" : "giciT6sFsdsFsds-gt-4303222-2021-05-11T09:05:10.69Z::tf.xml"
      },
      "objectRefs" : [ "5D6B5eALszWdflqkVGnR68", "0adjK7DL8WBe8kDhoDjsAt" ],
      "contextAttributes" : null,
      "additionalInfo" : {
        "description" : "",
        "contentType" : "application/json; charset=utf-8",
        "documentState" : "VALID"
      }
    }
  }, {
    "objectGuid" : "7H9r6N8ljQujtWhgqmNJyn",
    "objectName" : "BV_Bonny_ParameterizedMappingTask",
    "objectType" : "MTT",
    "path" : "/Explore/Default",
    "metadata" : {
      "modelVersion" : {
        "major" : 0,
        "minor" : 0
      },
      "repoInfo" : {
        "repoHandle" : "01121T0Z000000000008"
      },
      "objectRefs" : [ "2gaymiy7uJvhJP6hY0OBie", "2MI2dC1uXbckzLVGyQkgm2", "eDUsoxvmKuxeLRQ6gKYxMc", "41OrQ9qQt7ylmOnjGWDws2" ],
      "contextAttributes" : [ {
        "name" : "id",
        "value" : "@1"
      } ],
      "additionalInfo" : {
        "description" : "",
        "contentType" : "JSON",
        "documentState" : "VALID"
      }
    }
  }, {
    "objectGuid" : "2gaymiy7uJvhJP6hY0OBie",
    "objectName" : "BV_BONNY_SalesForce",
    "objectType" : "Connection",
    "path" : "/SYS",
    "metadata" : {
      "modelVersion" : {
        "major" : 0,
        "minor" : 0
      },
      "repoInfo" : {
        "repoHandle" : "01121T0B000000000003"
      },
      "objectRefs" : [ "2MI2dC1uXbckzLVGyQkgm2" ],
      "contextAttributes" : [ {
        "name" : "id",
        "value" : "@1"
      } ],
      "additionalInfo" : {
        "description" : "why this didnt work for 50",
        "contentType" : "JSON",
        "documentState" : "COMPLETE"
      }
    }
  }, {
    "objectGuid" : "k8eHlOnTrCMjg4eUUPCnKW",
    "objectName" : "BV_Bonny_NormalizerAggregator",
    "objectType" : "DTEMPLATE",
    "path" : "/Explore/Default",
    "metadata" : {
      "modelVersion" : {
        "major" : 0,
        "minor" : 0
      },
      "repoInfo" : {
        "repoHandle" : "01121T17000000000004"
      },
      "objectRefs" : [ "41OrQ9qQt7ylmOnjGWDws2" ],
      "contextAttributes" : [ {
        "name" : "id",
        "value" : "@1"
      } ],
      "additionalInfo" : {
        "description" : "",
        "contentType" : "JSON",
        "documentState" : "VALID"
      }
    }
  }, {
    "objectGuid" : "26es3ooJVj6fHpCXATNgAq",
    "objectName" : "BV_BONNY_Oracle",
    "objectType" : "Connection",
    "path" : "/SYS",
    "metadata" : {
      "modelVersion" : {
        "major" : 0,
        "minor" : 0
      },
      "repoInfo" : {
        "repoHandle" : "01121T0B000000000004"
      },
      "objectRefs" : [ "2MI2dC1uXbckzLVGyQkgm2" ],
      "contextAttributes" : [ {
        "name" : "id",
        "value" : "@1"
      } ],
      "additionalInfo" : {
        "description" : null,
        "contentType" : "JSON",
        "documentState" : "COMPLETE"
      }
    }
  }, {
    "objectGuid" : "0cSLYb6UJyklqHjk6HuS8R",
    "objectName" : "BV_Bonny_Pushdown_Opt",
    "objectType" : "DTEMPLATE",
    "path" : "/Explore/Default",
    "metadata" : {
      "modelVersion" : {
        "major" : 0,
        "minor" : 0
      },
      "repoInfo" : {
        "repoHandle" : "01121T1700000000000K"
      },
      "objectRefs" : [ "26es3ooJVj6fHpCXATNgAq" ],
      "contextAttributes" : [ {
        "name" : "id",
        "value" : "@1"
      } ],
      "additionalInfo" : {
        "description" : "",
        "contentType" : "JSON",
        "documentState" : "VALID"
      }
    }
  }, {
    "objectGuid" : "aHQCjOSOFQ0bYLD6g7cZ2p",
    "objectName" : "BV_Bonny_OpenWeather_RestV2",
    "objectType" : "Connection",
    "path" : "/SYS",
    "metadata" : {
      "modelVersion" : {
        "major" : 0,
        "minor" : 0
      },
      "repoInfo" : {
        "repoHandle" : "01121T0B000000000005"
      },
      "objectRefs" : [ "2MI2dC1uXbckzLVGyQkgm2" ],
      "contextAttributes" : [ {
        "name" : "id",
        "value" : "@1"
      } ],
      "additionalInfo" : {
        "description" : null,
        "contentType" : "JSON",
        "documentState" : "COMPLETE"
      }
    }
  }, {
    "objectGuid" : "gBJBegDhkK3bGE3yXUrRWe",
    "objectName" : "BV_Bonny_ErrorHandling",
    "objectType" : "DTEMPLATE",
    "path" : "/Explore/Default",
    "metadata" : {
      "modelVersion" : {
        "major" : 0,
        "minor" : 0
      },
      "repoInfo" : {
        "repoHandle" : "01121T1700000000000I"
      },
      "objectRefs" : [ ],
      "contextAttributes" : [ {
        "name" : "id",
        "value" : "@1"
      } ],
      "additionalInfo" : {
        "description" : "",
        "contentType" : "JSON",
        "documentState" : "VALID"
      }
    }
  }, {
    "objectGuid" : "8z6wv8vdio2hhEwLop0oQZ",
    "objectName" : "BV_Bonny_StructureParser",
    "objectType" : "DTEMPLATE",
    "path" : "/Explore/Default",
    "metadata" : {
      "modelVersion" : {
        "major" : 0,
        "minor" : 0
      },
      "repoInfo" : {
        "repoHandle" : "01121T1700000000000H"
      },
      "objectRefs" : [ "41OrQ9qQt7ylmOnjGWDws2", "8ASZkBx2us9cOSF4lDyjeA" ],
      "contextAttributes" : [ {
        "name" : "id",
        "value" : "@1"
      } ],
      "additionalInfo" : {
        "description" : "",
        "contentType" : "JSON",
        "documentState" : "VALID"
      }
    }
  }, {
    "objectGuid" : "hlWXOpIiXUheIV0flD57yt",
    "objectName" : "BV_Listner_Taskflow",
    "objectType" : "TASKFLOW",
    "path" : "/Explore/Default",
    "metadata" : {
      "modelVersion" : {
        "major" : 1,
        "minor" : 0
      },
      "repoInfo" : {
        "repoHandle" : "AAT4W6jKsJlv58p-gt-4269945-2021-05-11T10:23:49.429Z::tf.xml"
      },
      "objectRefs" : [ "6B0AqljFuimbe7EL96wjob", "0adjK7DL8WBe8kDhoDjsAt" ],
      "contextAttributes" : null,
      "additionalInfo" : {
        "description" : "",
        "contentType" : "application/json; charset=utf-8",
        "documentState" : "VALID"
      }
    }
  }, {
    "objectGuid" : "06VMsEDWv0afrkCBQNSZE7",
    "objectName" : "BV_Bonny_Emp",
    "objectType" : "HSCHEMA",
    "path" : "/Explore/Default",
    "metadata" : {
      "modelVersion" : {
        "major" : 0,
        "minor" : 0
      },
      "repoInfo" : {
        "repoHandle" : "01121T36000000000002"
      },
      "objectRefs" : [ ],
      "contextAttributes" : [ {
        "name" : "id",
        "value" : "@1"
      } ],
      "additionalInfo" : {
        "description" : "",
        "contentType" : "JSON",
        "documentState" : "VALID"
      }
    }
  }, {
    "objectGuid" : "7Z39VMbg0spfrdH5rOS5ed",
    "objectName" : "BV_Bonny_NumberConversion",
    "objectType" : "BSERVICE",
    "path" : "/Explore/Default",
    "metadata" : {
      "modelVersion" : {
        "major" : 0,
        "minor" : 0
      },
      "repoInfo" : {
        "repoHandle" : "01121T27000000000002"
      },
      "objectRefs" : [ "jRE9tNhYrGNiMTXL86vAAN" ],
      "contextAttributes" : [ {
        "name" : "id",
        "value" : "@1"
      }, {
        "name" : "01121T28000000000002",
        "value" : "7Z39VMbg0spfrdH5rOS5ed@NumberToDollars"
      } ],
      "additionalInfo" : {
        "description" : "",
        "contentType" : "JSON",
        "documentState" : "VALID"
      }
    }
  }, {
    "objectGuid" : "5MHR174sl7CdWv5llPEZYq",
    "objectName" : "BV_Bonny_GetWeather_By_City",
    "objectType" : "DTEMPLATE",
    "path" : "/Explore/Default",
    "metadata" : {
      "modelVersion" : {
        "major" : 0,
        "minor" : 0
      },
      "repoInfo" : {
        "repoHandle" : "01121T1700000000000D"
      },
      "objectRefs" : [ "aHQCjOSOFQ0bYLD6g7cZ2p", "41OrQ9qQt7ylmOnjGWDws2" ],
      "contextAttributes" : [ {
        "name" : "id",
        "value" : "@1"
      } ],
      "additionalInfo" : {
        "description" : "",
        "contentType" : "JSON",
        "documentState" : "VALID"
      }
    }
  }, {
    "objectGuid" : "8ASZkBx2us9cOSF4lDyjeA",
    "objectName" : "BV_Bonny_IntelligentStructureModel",
    "objectType" : "STRUCTURE_DISCOVERY",
    "path" : "/Explore/Default",
    "metadata" : {
      "modelVersion" : {
        "major" : 0,
        "minor" : 0
      },
      "repoInfo" : {
        "repoHandle" : "01121T30000000000002"
      },
      "objectRefs" : [ ],
      "contextAttributes" : [ {
        "name" : "id",
        "value" : "@1"
      } ],
      "additionalInfo" : {
        "description" : "",
        "contentType" : "JSON",
        "documentState" : "VALID"
      }
    }
  }, {
    "objectGuid" : "6vF5iay3z7nlIaJRTdrBGN",
    "objectName" : "BV_ErrorHandling_Task",
    "objectType" : "MTT",
    "path" : "/Explore/Default",
    "metadata" : {
      "modelVersion" : {
        "major" : 0,
        "minor" : 0
      },
      "repoInfo" : {
        "repoHandle" : "01121T0Z00000000000J"
      },
      "objectRefs" : [ "2MI2dC1uXbckzLVGyQkgm2", "gBJBegDhkK3bGE3yXUrRWe", "41OrQ9qQt7ylmOnjGWDws2" ],
      "contextAttributes" : [ {
        "name" : "id",
        "value" : "@1"
      } ],
      "additionalInfo" : {
        "description" : "",
        "contentType" : "JSON",
        "documentState" : "VALID"
      }
    }
  }, {
    "objectGuid" : "97VUE5LyThMgNUD8bcBvs7",
    "objectName" : "BV_Bonny_InOutParameter",
    "objectType" : "DTEMPLATE",
    "path" : "/Explore/Default",
    "metadata" : {
      "modelVersion" : {
        "major" : 0,
        "minor" : 0
      },
      "repoInfo" : {
        "repoHandle" : "01121T17000000000008"
      },
      "objectRefs" : [ "26es3ooJVj6fHpCXATNgAq" ],
      "contextAttributes" : [ {
        "name" : "id",
        "value" : "@1"
      } ],
      "additionalInfo" : {
        "description" : "",
        "contentType" : "JSON",
        "documentState" : "VALID"
      }
    }
  }, {
    "objectGuid" : "1DUgzLJShD5k3kZR6QjjmA",
    "objectName" : "BV_Bonny_Employees",
    "objectType" : "DTEMPLATE",
    "path" : "/Explore/Default",
    "metadata" : {
      "modelVersion" : {
        "major" : 0,
        "minor" : 0
      },
      "repoInfo" : {
        "repoHandle" : "01121T1700000000000F"
      },
      "objectRefs" : [ "06VMsEDWv0afrkCBQNSZE7", "41OrQ9qQt7ylmOnjGWDws2" ],
      "contextAttributes" : [ {
        "name" : "id",
        "value" : "@1"
      } ],
      "additionalInfo" : {
        "description" : "",
        "contentType" : "JSON",
        "documentState" : "VALID"
      }
    }
  }, {
    "objectGuid" : "158zpmYItG1hUc0AcCeucD",
    "objectName" : "BV_InOut_Taskflow",
    "objectType" : "TASKFLOW",
    "path" : "/Explore/Default",
    "metadata" : {
      "modelVersion" : {
        "major" : 1,
        "minor" : 0
      },
      "repoInfo" : {
        "repoHandle" : "nMrr0Fdw8jIw8jI-gt-4258053-2021-05-11T09:14:32.15Z::tf.xml"
      },
      "objectRefs" : [ "l4JCrIFwo4ecnvgcR8zTqu" ],
      "contextAttributes" : null,
      "additionalInfo" : {
        "description" : "",
        "contentType" : "application/json; charset=utf-8",
        "documentState" : "VALID"
      }
    }
  }, {
    "objectGuid" : "5D6B5eALszWdflqkVGnR68",
    "objectName" : "Synchronization_BV_Bonny_Multiple",
    "objectType" : "DSS",
    "path" : "/Explore/Default",
    "metadata" : {
      "modelVersion" : {
        "major" : 0,
        "minor" : 0
      },
      "repoInfo" : {
        "repoHandle" : "01121T0I000000000004"
      },
      "objectRefs" : [ "2gaymiy7uJvhJP6hY0OBie", "41OrQ9qQt7ylmOnjGWDws2" ],
      "contextAttributes" : [ {
        "name" : "id",
        "value" : "@1"
      } ],
      "additionalInfo" : {
        "description" : "",
        "contentType" : "JSON",
        "documentState" : "VALID"
      }
    }
  }, {
    "objectGuid" : "jXD0HUQGDgzbPYBHAqGOMr",
    "objectName" : "BV_Bonny_LookupOverride",
    "objectType" : "DTEMPLATE",
    "path" : "/Explore/Default",
    "metadata" : {
      "modelVersion" : {
        "major" : 0,
        "minor" : 0
      },
      "repoInfo" : {
        "repoHandle" : "01121T1700000000000C"
      },
      "objectRefs" : [ "26es3ooJVj6fHpCXATNgAq", "41OrQ9qQt7ylmOnjGWDws2" ],
      "contextAttributes" : [ {
        "name" : "id",
        "value" : "@1"
      } ],
      "additionalInfo" : {
        "description" : "",
        "contentType" : "JSON",
        "documentState" : "VALID"
      }
    }
  }, {
    "objectGuid" : "jRE9tNhYrGNiMTXL86vAAN",
    "objectName" : "BV_Bonny_WSConnection",
    "objectType" : "Connection",
    "path" : "/SYS",
    "metadata" : {
      "modelVersion" : {
        "major" : 0,
        "minor" : 0
      },
      "repoInfo" : {
        "repoHandle" : "01121T0B000000000006"
      },
      "objectRefs" : [ "2MI2dC1uXbckzLVGyQkgm2" ],
      "contextAttributes" : [ {
        "name" : "id",
        "value" : "@1"
      } ],
      "additionalInfo" : {
        "description" : null,
        "contentType" : "JSON",
        "documentState" : "COMPLETE"
      }
    }
  }, {
    "objectGuid" : "41OrQ9qQt7ylmOnjGWDws2",
    "objectName" : "BV_BONNY_LocalCSVFiles",
    "objectType" : "Connection",
    "path" : "/SYS",
    "metadata" : {
      "modelVersion" : {
        "major" : 0,
        "minor" : 0
      },
      "repoInfo" : {
        "repoHandle" : "01121T0B000000000002"
      },
      "objectRefs" : [ "2MI2dC1uXbckzLVGyQkgm2" ],
      "contextAttributes" : [ {
        "name" : "id",
        "value" : "@1"
      } ],
      "additionalInfo" : {
        "description" : "Flatfile connection",
        "contentType" : "JSON",
        "documentState" : "COMPLETE"
      }
    }
  }, {
    "objectGuid" : "0adjK7DL8WBe8kDhoDjsAt",
    "objectName" : "BV_Bonny_Mapping_NormalizerAgg",
    "objectType" : "MTT",
    "path" : "/Explore/Default",
    "metadata" : {
      "modelVersion" : {
        "major" : 0,
        "minor" : 0
      },
      "repoInfo" : {
        "repoHandle" : "01121T0Z000000000004"
      },
      "objectRefs" : [ "2MI2dC1uXbckzLVGyQkgm2", "k8eHlOnTrCMjg4eUUPCnKW", "41OrQ9qQt7ylmOnjGWDws2" ],
      "contextAttributes" : [ {
        "name" : "id",
        "value" : "@1"
      } ],
      "additionalInfo" : {
        "description" : "",
        "contentType" : "JSON",
        "documentState" : "VALID"
      }
    }
  }, {
    "objectGuid" : "7qUXqxugPasgfzB2Ci1ey3",
    "objectName" : "Default",
    "objectType" : "Project",
    "path" : "/Explore",
    "metadata" : {
      "modelVersion" : {
        "major" : 0,
        "minor" : 0
      },
      "repoInfo" : null,
      "objectRefs" : [ ],
      "contextAttributes" : [ {
        "name" : "IS_DEF_LOC",
        "value" : "true"
      } ],
      "additionalInfo" : {
        "description" : "Auto-generated Default Project",
        "contentType" : null,
        "documentState" : "COMPLETE"
      }
    }
  }, {
    "objectGuid" : "0i7YKn94dbRjaG9vRaYAKM",
    "objectName" : "BV_Bonny_MacroDateFormat",
    "objectType" : "DTEMPLATE",
    "path" : "/Explore/Default",
    "metadata" : {
      "modelVersion" : {
        "major" : 0,
        "minor" : 0
      },
      "repoInfo" : {
        "repoHandle" : "01121T17000000000009"
      },
      "objectRefs" : [ ],
      "contextAttributes" : [ {
        "name" : "id",
        "value" : "@1"
      } ],
      "additionalInfo" : {
        "description" : "",
        "contentType" : "JSON",
        "documentState" : "VALID"
      }
    }
  }, {
    "objectGuid" : "3l9UnKf53sNk3eZshNndSr",
    "objectName" : "BV_Bonny_UnconnectedLookup",
    "objectType" : "DTEMPLATE",
    "path" : "/Explore/Default",
    "metadata" : {
      "modelVersion" : {
        "major" : 0,
        "minor" : 0
      },
      "repoInfo" : {
        "repoHandle" : "01121T17000000000005"
      },
      "objectRefs" : [ "41OrQ9qQt7ylmOnjGWDws2" ],
      "contextAttributes" : [ {
        "name" : "id",
        "value" : "@1"
      } ],
      "additionalInfo" : {
        "description" : "",
        "contentType" : "JSON",
        "documentState" : "VALID"
      }
    }
  }, {
    "objectGuid" : "6B0AqljFuimbe7EL96wjob",
    "objectName" : "File_listener",
    "objectType" : "MI_FILE_LISTENER",
    "path" : "/Explore/Default",
    "metadata" : {
      "modelVersion" : {
        "major" : 1,
        "minor" : 0
      },
      "repoInfo" : {
        "repoHandle" : "10409"
      },
      "objectRefs" : [ "2MI2dC1uXbckzLVGyQkgm2" ],
      "contextAttributes" : [ ],
      "additionalInfo" : {
        "description" : "",
        "contentType" : "Binary",
        "documentState" : "VALID"
      }
    }
  }, {
    "objectGuid" : "78iGiYlsNExefT0N2x4Lqq",
    "objectName" : "BV_Bonny_HierarchyBuilder",
    "objectType" : "DTEMPLATE",
    "path" : "/Explore/Default",
    "metadata" : {
      "modelVersion" : {
        "major" : 0,
        "minor" : 0
      },
      "repoInfo" : {
        "repoHandle" : "01121T1700000000000G"
      },
      "objectRefs" : [ "6pWG0Jo7YchlTYZ0tZYYug", "41OrQ9qQt7ylmOnjGWDws2" ],
      "contextAttributes" : [ {
        "name" : "id",
        "value" : "@1"
      } ],
      "additionalInfo" : {
        "description" : "",
        "contentType" : "JSON",
        "documentState" : "VALID"
      }
    }
  }, {
    "objectGuid" : "54Smw9xkISthHCiq1SC5kW",
    "objectName" : "BV_Bonny_Pushdown",
    "objectType" : "MTT",
    "path" : "/Explore/Default",
    "metadata" : {
      "modelVersion" : {
        "major" : 0,
        "minor" : 0
      },
      "repoInfo" : {
        "repoHandle" : "01121T0Z00000000000L"
      },
      "objectRefs" : [ "2MI2dC1uXbckzLVGyQkgm2", "26es3ooJVj6fHpCXATNgAq", "0cSLYb6UJyklqHjk6HuS8R" ],
      "contextAttributes" : [ {
        "name" : "id",
        "value" : "@1"
      } ],
      "additionalInfo" : {
        "description" : "",
        "contentType" : "JSON",
        "documentState" : "VALID"
      }
    }
  }, {
    "objectGuid" : "3cJvWpHcvQWhXSUAb9Fe0O",
    "objectName" : "BV_Bonny_Partition",
    "objectType" : "DTEMPLATE",
    "path" : "/Explore/Default",
    "metadata" : {
      "modelVersion" : {
        "major" : 0,
        "minor" : 0
      },
      "repoInfo" : {
        "repoHandle" : "01121T1700000000000J"
      },
      "objectRefs" : [ "26es3ooJVj6fHpCXATNgAq", "41OrQ9qQt7ylmOnjGWDws2" ],
      "contextAttributes" : [ {
        "name" : "id",
        "value" : "@1"
      } ],
      "additionalInfo" : {
        "description" : "",
        "contentType" : "JSON",
        "documentState" : "VALID"
      }
    }
  }, {
    "objectGuid" : "9GWanYbt6DNfzurNZX9Z2I",
    "objectName" : "File_Listener_Task",
    "objectType" : "DSS",
    "path" : "/Explore/Default",
    "metadata" : {
      "modelVersion" : {
        "major" : 0,
        "minor" : 0
      },
      "repoInfo" : {
        "repoHandle" : "01121T0I000000000005"
      },
      "objectRefs" : [ "2gaymiy7uJvhJP6hY0OBie", "41OrQ9qQt7ylmOnjGWDws2" ],
      "contextAttributes" : [ {
        "name" : "id",
        "value" : "@1"
      } ],
      "additionalInfo" : {
        "description" : "",
        "contentType" : "JSON",
        "documentState" : "VALID"
      }
    }
  }, {
    "objectGuid" : "kXUq5G6SMaAfK8LtNYepGV",
    "objectName" : "BV_Bonny_PhNo_Masking",
    "objectType" : "DMASK",
    "path" : "/Explore/Default",
    "metadata" : {
      "modelVersion" : {
        "major" : 0,
        "minor" : 0
      },
      "repoInfo" : {
        "repoHandle" : "01121T14000000000002"
      },
      "objectRefs" : [ "2gaymiy7uJvhJP6hY0OBie", "2MI2dC1uXbckzLVGyQkgm2" ],
      "contextAttributes" : [ {
        "name" : "id",
        "value" : "@1"
      } ],
      "additionalInfo" : {
        "description" : "",
        "contentType" : "JSON",
        "documentState" : "VALID"
      }
    }
  }, {
    "objectGuid" : "fgEjVe0TF6fgg6qp3vv32L",
    "objectName" : "BV_Bonny_SQL_Transformation",
    "objectType" : "DTEMPLATE",
    "path" : "/Explore/Default",
    "metadata" : {
      "modelVersion" : {
        "major" : 0,
        "minor" : 0
      },
      "repoInfo" : {
        "repoHandle" : "01121T17000000000006"
      },
      "objectRefs" : [ "26es3ooJVj6fHpCXATNgAq", "41OrQ9qQt7ylmOnjGWDws2" ],
      "contextAttributes" : [ {
        "name" : "id",
        "value" : "@1"
      } ],
      "additionalInfo" : {
        "description" : "",
        "contentType" : "JSON",
        "documentState" : "VALID"
      }
    }
  }, {
    "objectGuid" : "6Vpn6g1mdWBb6ShlCAiKG5",
    "objectName" : "BV_Bonny_BasicTransformations",
    "objectType" : "DTEMPLATE",
    "path" : "/Explore/Default",
    "metadata" : {
      "modelVersion" : {
        "major" : 0,
        "minor" : 0
      },
      "repoInfo" : {
        "repoHandle" : "01121T17000000000002"
      },
      "objectRefs" : [ "2gaymiy7uJvhJP6hY0OBie", "41OrQ9qQt7ylmOnjGWDws2" ],
      "contextAttributes" : [ {
        "name" : "id",
        "value" : "@1"
      } ],
      "additionalInfo" : {
        "description" : "",
        "contentType" : "JSON",
        "documentState" : "VALID"
      }
    }
  }, {
    "objectGuid" : "eDUsoxvmKuxeLRQ6gKYxMc",
    "objectName" : "BV_Bonny_MappingParameters",
    "objectType" : "DTEMPLATE",
    "path" : "/Explore/Default",
    "metadata" : {
      "modelVersion" : {
        "major" : 0,
        "minor" : 0
      },
      "repoInfo" : {
        "repoHandle" : "01121T17000000000007"
      },
      "objectRefs" : [ ],
      "contextAttributes" : [ {
        "name" : "id",
        "value" : "@1"
      } ],
      "additionalInfo" : {
        "description" : "",
        "contentType" : "JSON",
        "documentState" : "VALID"
      }
    }
  }, {
    "objectGuid" : "l4JCrIFwo4ecnvgcR8zTqu",
    "objectName" : "BV_InOutParameter_Task",
    "objectType" : "MTT",
    "path" : "/Explore/Default",
    "metadata" : {
      "modelVersion" : {
        "major" : 0,
        "minor" : 0
      },
      "repoInfo" : {
        "repoHandle" : "01121T0Z00000000000C"
      },
      "objectRefs" : [ "2MI2dC1uXbckzLVGyQkgm2", "97VUE5LyThMgNUD8bcBvs7", "26es3ooJVj6fHpCXATNgAq" ],
      "contextAttributes" : [ {
        "name" : "id",
        "value" : "@1"
      } ],
      "additionalInfo" : {
        "description" : "",
        "contentType" : "JSON",
        "documentState" : "VALID"
      }
    }
  } ]
}