<aetgt:getResponse xmlns:aetgt="http://schemas.active-endpoints.com/appmodules/repository/2010/10/avrepository.xsd"
                   xmlns:types1="http://schemas.active-endpoints.com/appmodules/repository/2010/10/avrepository.xsd">
   <types1:Item>
      <types1:EntryId>giciT6sFsdsFsds-gt-4303222-2021-05-11T09:05:10.69Z::tf.xml</types1:EntryId>
      <types1:Name>BV_Bonny_parallel_taskflow</types1:Name>
      <types1:MimeType>application/xml+taskflow</types1:MimeType>
      <types1:Description/>
      <types1:AppliesTo/>
      <types1:Tags/>
      <types1:VersionLabel>1.0</types1:VersionLabel>
      <types1:State>CURRENT</types1:State>
      <types1:ProcessGroup/>
      <types1:CreatedBy>bonnygcplearn1@gmail.com</types1:CreatedBy>
      <types1:CreationDate>2021-05-11T09:05:11Z</types1:CreationDate>
      <types1:ModifiedBy/>
      <types1:PublicationStatus>published</types1:PublicationStatus>
      <types1:PublishedBy>bonnygcplearn1@gmail.com</types1:PublishedBy>
      <types1:PublicationDate>2021-05-11T09:05:22Z</types1:PublicationDate>
      <types1:PublishedContributionId>project:/tf.BV_Bonny_parallel_taskflow/BV_Bonny_parallel_taskflow.tf.xml</types1:PublishedContributionId>
      <types1:AutosaveExists>false</types1:AutosaveExists>
      <types1:Entry>
         <taskflow xmlns="http://schemas.active-endpoints.com/appmodules/screenflow/2010/10/avosScreenflow.xsd"
                   xmlns:list="urn:activevos:spi:list:functions"
                   displayName="BV_ Bonny_parallel_taskflow"
                   name="BV_Bonny_parallel_taskflow"
                   overrideAPIName="false">
            <appliesTo/>
            <description/>
            <tags/>
            <generator>Informatica Process Designer 11</generator>
            <tempFields>
               <field description="" name="Multiple" type="reference">
                  <options>
                     <option name="referenceTo">$po:Synchronization-BV-Bonny-Multiple</option>
                  </options>
               </field>
               <field description="" name="NormalizerAgg" type="reference">
                  <options>
                     <option name="referenceTo">$po:BV-Bonny-Mapping-NormalizerAgg</option>
                  </options>
               </field>
            </tempFields>
            <notes/>
            <deployment suspendOnFault="false" tracingLevel="verbose">
               <rest/>
            </deployment>
            <flow id="a">
               <start id="b">
                  <link id="j3wg4fhg" targetId="j3wg4fhf"/>
               </start>
               <container id="j3wg4fhf" type="parallel">
                  <title>Parallel Paths 1</title>
                  <flow id="j3wg4fhj">
                     <eventContainer id="kojt270k">
                        <service id="j3wg4fhu">
                           <title>Multiple</title>
                           <serviceName>ICSExecuteDataTask</serviceName>
                           <serviceGUID/>
                           <serviceInput>
                              <parameter name="Wait for Task to Complete" source="constant" updatable="true">true</parameter>
                              <parameter name="Max Wait" source="constant" updatable="true">604800</parameter>
                              <parameter name="Task Name" source="constant" updatable="true">Synchronization_BV_Bonny_Multiple</parameter>
                              <parameter name="GUID" source="constant" updatable="true">5D6B5eALszWdflqkVGnR68</parameter>
                              <parameter name="Task Type" source="constant" updatable="true">SAAS_DSS</parameter>
                              <parameter name="Has Inout Parameters" source="constant" updatable="true">false</parameter>
                              <parameter name="taskField" source="nested">
                                 <operation source="field" to="Synchronization-BV-Bonny-Multiple">temp.Multiple</operation>
                              </parameter>
                           </serviceInput>
                           <serviceOutput>
                              <operation source="field" to="temp.Multiple/output/Object_Name">Object Name</operation>
                              <operation source="field" to="temp.Multiple/output/Run_Id">Run Id</operation>
                              <operation source="field" to="temp.Multiple/output/Log_Id">Log Id</operation>
                              <operation source="field" to="temp.Multiple/output/Task_Id">Task Id</operation>
                              <operation source="field" to="temp.Multiple/output/Task_Status">Task Status</operation>
                              <operation source="field" to="temp.Multiple/output/Success_Source_Rows">Success Source Rows</operation>
                              <operation source="field" to="temp.Multiple/output/Failed_Source_Rows">Failed Source Rows</operation>
                              <operation source="field" to="temp.Multiple/output/Success_Target_Rows">Success Target Rows</operation>
                              <operation source="field" to="temp.Multiple/output/Failed_Target_Rows">Failed Target Rows</operation>
                              <operation source="field" to="temp.Multiple/output/Start_Time">Start Time</operation>
                              <operation source="field" to="temp.Multiple/output/End_Time">End Time</operation>
                              <operation source="field" to="temp.Multiple/output/Error_Message">Error Message</operation>
                           </serviceOutput>
                        </service>
                        <events>
                           <catch faultField="temp.Multiple/fault"
                                  id="kojt270i"
                                  interrupting="true"
                                  name="error">
                              <suspend/>
                           </catch>
                           <catch faultField="temp.Multiple/fault"
                                  id="kojt270j"
                                  interrupting="true"
                                  name="warning"/>
                        </events>
                     </eventContainer>
                     <link id="j3wg4fhk" targetId="j3wg4fhf" type="containerLink"/>
                  </flow>
                  <flow id="j3wg4fhm">
                     <eventContainer id="kojt2719">
                        <service id="j3wg4fi4">
                           <title>NormalizerAgg</title>
                           <serviceName>ICSExecuteDataTask</serviceName>
                           <serviceGUID/>
                           <serviceInput>
                              <parameter name="Wait for Task to Complete" source="constant" updatable="true">true</parameter>
                              <parameter name="Max Wait" source="constant" updatable="true">604800</parameter>
                              <parameter name="Task Name" source="constant" updatable="true">BV_Bonny_Mapping_NormalizerAgg</parameter>
                              <parameter name="GUID" source="constant" updatable="true">0adjK7DL8WBe8kDhoDjsAt</parameter>
                              <parameter name="Task Type" source="constant" updatable="true">MCT</parameter>
                              <parameter name="Has Inout Parameters" source="constant" updatable="true">false</parameter>
                              <parameter name="taskField" source="nested">
                                 <operation source="field" to="BV-Bonny-Mapping-NormalizerAgg">temp.NormalizerAgg</operation>
                              </parameter>
                           </serviceInput>
                           <serviceOutput>
                              <operation source="field" to="temp.NormalizerAgg/output/Object_Name">Object Name</operation>
                              <operation source="field" to="temp.NormalizerAgg/output/Run_Id">Run Id</operation>
                              <operation source="field" to="temp.NormalizerAgg/output/Log_Id">Log Id</operation>
                              <operation source="field" to="temp.NormalizerAgg/output/Task_Id">Task Id</operation>
                              <operation source="field" to="temp.NormalizerAgg/output/Task_Status">Task Status</operation>
                              <operation source="field" to="temp.NormalizerAgg/output/Success_Source_Rows">Success Source Rows</operation>
                              <operation source="field" to="temp.NormalizerAgg/output/Failed_Source_Rows">Failed Source Rows</operation>
                              <operation source="field" to="temp.NormalizerAgg/output/Success_Target_Rows">Success Target Rows</operation>
                              <operation source="field" to="temp.NormalizerAgg/output/Failed_Target_Rows">Failed Target Rows</operation>
                              <operation source="field" to="temp.NormalizerAgg/output/Start_Time">Start Time</operation>
                              <operation source="field" to="temp.NormalizerAgg/output/End_Time">End Time</operation>
                              <operation source="field" to="temp.NormalizerAgg/output/Error_Message">Error Message</operation>
                           </serviceOutput>
                        </service>
                        <events>
                           <catch faultField="temp.NormalizerAgg/fault"
                                  id="kojt2717"
                                  interrupting="true"
                                  name="error">
                              <suspend/>
                           </catch>
                           <catch faultField="temp.NormalizerAgg/fault"
                                  id="kojt2718"
                                  interrupting="true"
                                  name="warning"/>
                        </events>
                     </eventContainer>
                     <link id="j3wg4fhn" targetId="j3wg4fhf" type="containerLink"/>
                  </flow>
                  <link id="j3wg4fhi" targetId="j3wg4fhj" type="containerLink"/>
                  <link id="j3wg4fhl" targetId="j3wg4fhm" type="containerLink"/>
                  <link id="j3wg4fhh" targetId="c"/>
               </container>
               <end id="c"/>
            </flow>
            <dependencies>
               <processObject xmlns="http://schemas.active-endpoints.com/appmodules/screenflow/2011/06/avosHostEnvironment.xsd"
                              displayName="Synchronization-BV-Bonny-Multiple"
                              isByCopy="true"
                              name="Synchronization-BV-Bonny-Multiple">
                  <description/>
                  <tags/>
                  <detail>
                     <field label="Output Parameters" name="output" type="reference"/>
                     <field label="Fault" name="fault" type="reference"/>
                  </detail>
               </processObject>
               <processObject xmlns="http://schemas.active-endpoints.com/appmodules/screenflow/2011/06/avosHostEnvironment.xsd"
                              displayName="BV-Bonny-Mapping-NormalizerAgg"
                              isByCopy="true"
                              name="BV-Bonny-Mapping-NormalizerAgg">
                  <description/>
                  <tags/>
                  <detail>
                     <field label="TaskProperties Parameters"
                            name="taskProperties"
                            type="reference"/>
                     <field label="Output Parameters" name="output" type="reference"/>
                     <field label="Fault" name="fault" type="reference"/>
                  </detail>
               </processObject>
            </dependencies>
         </taskflow>
      </types1:Entry>
      <types1:GUID>7TKM1Kjc0sAjVapCpWKuEX</types1:GUID>
      <types1:DisplayName>BV_ Bonny_parallel_taskflow</types1:DisplayName>
   </types1:Item>
   <types1:CurrentServerDateTime>2021-05-19T05:25:35.239Z</types1:CurrentServerDateTime>
</aetgt:getResponse>
