<aetgt:getResponse xmlns:aetgt="http://schemas.active-endpoints.com/appmodules/repository/2010/10/avrepository.xsd"
                   xmlns:types1="http://schemas.active-endpoints.com/appmodules/repository/2010/10/avrepository.xsd">
   <types1:Item>
      <types1:EntryId>nMrr0Fdw8jIw8jI-gt-4258053-2021-05-11T09:14:32.15Z::tf.xml</types1:EntryId>
      <types1:Name>BV_InOut_Taskflow</types1:Name>
      <types1:MimeType>application/xml+taskflow</types1:MimeType>
      <types1:Description/>
      <types1:AppliesTo/>
      <types1:Tags/>
      <types1:VersionLabel>1.0</types1:VersionLabel>
      <types1:State>CURRENT</types1:State>
      <types1:ProcessGroup/>
      <types1:CreatedBy>bonnygcplearn1@gmail.com</types1:CreatedBy>
      <types1:CreationDate>2021-05-11T09:14:32Z</types1:CreationDate>
      <types1:ModifiedBy/>
      <types1:PublicationStatus>published</types1:PublicationStatus>
      <types1:PublishedBy>bonnygcplearn1@gmail.com</types1:PublishedBy>
      <types1:PublicationDate>2021-05-11T09:14:35Z</types1:PublicationDate>
      <types1:PublishedContributionId>project:/tf.BV_InOut_Taskflow/BV_InOut_Taskflow.tf.xml</types1:PublishedContributionId>
      <types1:AutosaveExists>false</types1:AutosaveExists>
      <types1:Entry>
         <taskflow xmlns="http://schemas.active-endpoints.com/appmodules/screenflow/2010/10/avosScreenflow.xsd"
                   xmlns:list="urn:activevos:spi:list:functions"
                   displayName="BV_InOut_Taskflow"
                   name="BV_InOut_Taskflow"
                   overrideAPIName="false">
            <appliesTo/>
            <description/>
            <tags/>
            <generator>Informatica Process Designer 11</generator>
            <tempFields>
               <field description="" name="InOutParameter" type="reference">
                  <options>
                     <option name="failOnNotRun">false</option>
                     <option name="failOnFault">false</option>
                     <option name="referenceTo">$po:BV-InOutParameter-Task</option>
                  </options>
               </field>
            </tempFields>
            <notes/>
            <deployment suspendOnFault="false" tracingLevel="verbose">
               <rest/>
            </deployment>
            <flow id="a">
               <start id="b">
                  <link id="kojtelaa" targetId="kojtelaf"/>
               </start>
               <eventContainer id="kojtelaf">
                  <service id="kojtela9">
                     <title>InOutParameter</title>
                     <serviceName>ICSExecuteDataTask</serviceName>
                     <serviceGUID/>
                     <serviceInput>
                        <parameter name="Wait for Task to Complete" source="constant" updatable="true">true</parameter>
                        <parameter name="Max Wait" source="constant" updatable="true">604800</parameter>
                        <parameter name="Task Name" source="constant" updatable="true">BV_InOutParameter_Task</parameter>
                        <parameter name="GUID" source="constant" updatable="true">l4JCrIFwo4ecnvgcR8zTqu</parameter>
                        <parameter name="Task Type" source="constant" updatable="true">MCT</parameter>
                        <parameter name="Has Inout Parameters" source="constant" updatable="true">true</parameter>
                        <parameter name="taskField" source="nested">
                           <operation source="field" to="BV-InOutParameter-Task">temp.InOutParameter</operation>
                           <operation source="constant" to="BV-InOutParameter-Task/inout[1]/IncludeMaxDate">2019=06-24</operation>
                        </parameter>
                     </serviceInput>
                     <serviceOutput>
                        <operation source="field" to="temp.InOutParameter/output/Object_Name">Object Name</operation>
                        <operation source="field" to="temp.InOutParameter/output/Run_Id">Run Id</operation>
                        <operation source="field" to="temp.InOutParameter/output/Log_Id">Log Id</operation>
                        <operation source="field" to="temp.InOutParameter/output/Task_Id">Task Id</operation>
                        <operation source="field" to="temp.InOutParameter/output/Task_Status">Task Status</operation>
                        <operation source="field" to="temp.InOutParameter/output/Success_Source_Rows">Success Source Rows</operation>
                        <operation source="field" to="temp.InOutParameter/output/Failed_Source_Rows">Failed Source Rows</operation>
                        <operation source="field" to="temp.InOutParameter/output/Success_Target_Rows">Success Target Rows</operation>
                        <operation source="field" to="temp.InOutParameter/output/Failed_Target_Rows">Failed Target Rows</operation>
                        <operation source="field" to="temp.InOutParameter/output/Start_Time">Start Time</operation>
                        <operation source="field" to="temp.InOutParameter/output/End_Time">End Time</operation>
                        <operation source="field" to="temp.InOutParameter/output/Error_Message">Error Message</operation>
                        <operation source="field" to="temp.InOutParameter/inout/IncludeMaxDate">IncludeMaxDate</operation>
                     </serviceOutput>
                  </service>
                  <link id="kojtelab" targetId="c"/>
                  <events>
                     <catch faultField="temp.InOutParameter/fault"
                            id="kojtelad"
                            interrupting="true"
                            name="error">
                        <suspend/>
                     </catch>
                     <catch faultField="temp.InOutParameter/fault"
                            id="kojtelae"
                            interrupting="true"
                            name="warning"/>
                  </events>
               </eventContainer>
               <end id="c"/>
            </flow>
            <dependencies>
               <processObject xmlns="http://schemas.active-endpoints.com/appmodules/screenflow/2011/06/avosHostEnvironment.xsd"
                              displayName="BV-InOutParameter-Task"
                              isByCopy="true"
                              name="BV-InOutParameter-Task">
                  <description/>
                  <tags/>
                  <detail>
                     <field label="InOut Parameters" name="inout" type="reference"/>
                     <field label="TaskProperties Parameters"
                            name="taskProperties"
                            type="reference"/>
                     <field label="Output Parameters" name="output" type="reference"/>
                     <field label="Fault" name="fault" type="reference"/>
                  </detail>
               </processObject>
            </dependencies>
         </taskflow>
      </types1:Entry>
      <types1:GUID>158zpmYItG1hUc0AcCeucD</types1:GUID>
      <types1:DisplayName>BV_InOut_Taskflow</types1:DisplayName>
   </types1:Item>
   <types1:CurrentServerDateTime>2021-05-19T05:25:35.232Z</types1:CurrentServerDateTime>
</aetgt:getResponse>
