<aetgt:getResponse xmlns:aetgt="http://schemas.active-endpoints.com/appmodules/repository/2010/10/avrepository.xsd"
                   xmlns:types1="http://schemas.active-endpoints.com/appmodules/repository/2010/10/avrepository.xsd">
   <types1:Item>
      <types1:EntryId>AAT4W6jKsJlv58p-gt-4269945-2021-05-11T10:23:49.429Z::tf.xml</types1:EntryId>
      <types1:Name>BV_Listner_Taskflow</types1:Name>
      <types1:MimeType>application/xml+taskflow</types1:MimeType>
      <types1:Description/>
      <types1:AppliesTo/>
      <types1:Tags/>
      <types1:VersionLabel>1.0</types1:VersionLabel>
      <types1:State>CURRENT</types1:State>
      <types1:ProcessGroup/>
      <types1:CreatedBy>bonnygcplearn1@gmail.com</types1:CreatedBy>
      <types1:CreationDate>2021-05-11T10:23:49Z</types1:CreationDate>
      <types1:ModifiedBy/>
      <types1:PublicationStatus>published</types1:PublicationStatus>
      <types1:PublishedBy>bonnygcplearn1@gmail.com</types1:PublishedBy>
      <types1:PublicationDate>2021-05-11T10:23:57Z</types1:PublicationDate>
      <types1:PublishedContributionId>project:/tf.BV_Listner_Taskflow/BV_Listner_Taskflow.tf.xml</types1:PublishedContributionId>
      <types1:AutosaveExists>false</types1:AutosaveExists>
      <types1:Entry>
         <taskflow xmlns="http://schemas.active-endpoints.com/appmodules/screenflow/2010/10/avosScreenflow.xsd"
                   xmlns:list="urn:activevos:spi:list:functions"
                   displayName="BV_Listner_Taskflow"
                   name="BV_Listner_Taskflow"
                   overrideAPIName="false">
            <appliesTo/>
            <description/>
            <tags/>
            <generator>Informatica Process Designer 11</generator>
            <input>
               <parameter description="" name="File_listener" type="reference">
                  <options>
                     <option name="required">false</option>
                     <option name="referenceTo">$po:INTERNALB2BFILELISTENER1565084895</option>
                     <option name="isCopy">true</option>
                     <option name="guid">6B0AqljFuimbe7EL96wjob</option>
                  </options>
               </parameter>
            </input>
            <tempFields>
               <field description="" name="Multiple" type="reference">
                  <options>
                     <option name="failOnNotRun">false</option>
                     <option name="failOnFault">false</option>
                     <option name="referenceTo">$po:BV-Bonny-Mapping-NormalizerAgg</option>
                  </options>
               </field>
            </tempFields>
            <notes/>
            <deployment suspendOnFault="false" tracingLevel="verbose">
               <event eventSource="fileListenerTask:File_listener"/>
            </deployment>
            <flow id="a">
               <start id="b">
                  <link id="kojvwoje" targetId="kojvwojj"/>
               </start>
               <eventContainer id="kojvwojj">
                  <service id="kojvwojd">
                     <title>Multiple</title>
                     <serviceName>ICSExecuteDataTask</serviceName>
                     <serviceGUID/>
                     <serviceInput>
                        <parameter name="Wait for Task to Complete" source="constant" updatable="true">true</parameter>
                        <parameter name="Max Wait" source="constant" updatable="true">604800</parameter>
                        <parameter name="Task Name" source="constant" updatable="true">BV_Bonny_Mapping_NormalizerAgg</parameter>
                        <parameter name="GUID" source="constant" updatable="true">0adjK7DL8WBe8kDhoDjsAt</parameter>
                        <parameter name="Task Type" source="constant" updatable="true">MCT</parameter>
                        <parameter name="Has Inout Parameters" source="constant" updatable="true">false</parameter>
                        <parameter name="taskField" source="nested">
                           <operation source="field" to="BV-Bonny-Mapping-NormalizerAgg">temp.Multiple</operation>
                        </parameter>
                     </serviceInput>
                     <serviceOutput>
                        <operation source="field" to="temp.Multiple/output/Object_Name">Object Name</operation>
                        <operation source="field" to="temp.Multiple/output/Run_Id">Run Id</operation>
                        <operation source="field" to="temp.Multiple/output/Log_Id">Log Id</operation>
                        <operation source="field" to="temp.Multiple/output/Task_Id">Task Id</operation>
                        <operation source="field" to="temp.Multiple/output/Task_Status">Task Status</operation>
                        <operation source="field" to="temp.Multiple/output/Success_Source_Rows">Success Source Rows</operation>
                        <operation source="field" to="temp.Multiple/output/Failed_Source_Rows">Failed Source Rows</operation>
                        <operation source="field" to="temp.Multiple/output/Success_Target_Rows">Success Target Rows</operation>
                        <operation source="field" to="temp.Multiple/output/Failed_Target_Rows">Failed Target Rows</operation>
                        <operation source="field" to="temp.Multiple/output/Start_Time">Start Time</operation>
                        <operation source="field" to="temp.Multiple/output/End_Time">End Time</operation>
                        <operation source="field" to="temp.Multiple/output/Error_Message">Error Message</operation>
                     </serviceOutput>
                  </service>
                  <link id="kojvwojf" targetId="c"/>
                  <events>
                     <catch faultField="temp.Multiple/fault"
                            id="kojvwojh"
                            interrupting="true"
                            name="error">
                        <suspend/>
                     </catch>
                     <catch faultField="temp.Multiple/fault"
                            id="kojvwoji"
                            interrupting="true"
                            name="warning"/>
                  </events>
               </eventContainer>
               <end id="c"/>
            </flow>
            <dependencies>
               <processObject xmlns="http://schemas.active-endpoints.com/appmodules/screenflow/2011/06/avosHostEnvironment.xsd"
                              displayName="BV-Bonny-Mapping-NormalizerAgg"
                              isByCopy="true"
                              name="BV-Bonny-Mapping-NormalizerAgg">
                  <description/>
                  <tags/>
                  <detail>
                     <field label="TaskProperties Parameters"
                            name="taskProperties"
                            type="reference"/>
                     <field label="Output Parameters" name="output" type="reference"/>
                     <field label="Fault" name="fault" type="reference"/>
                  </detail>
               </processObject>
               <processObject xmlns="http://schemas.active-endpoints.com/appmodules/screenflow/2011/06/avosHostEnvironment.xsd"
                              displayName="INTERNALB2BFILELISTENER1565084895"
                              isByCopy="true"
                              name="INTERNALB2BFILELISTENER1565084895">
                  <description>This process object represents a taskflow specific file task field details.</description>
                  <tags/>
                  <detail>
                     <field label="Arrived Files" name="arrivedFiles" type="objectlist">
                        <options>
                           <option name="referenceTo">$po:INTERNALB2BFILELISTENER1565084895-arrivedFiles</option>
                           <option name="relationshipName">Child</option>
                           <option hide="true" name="multiSelect">true</option>
                           <option name="required">false</option>
                        </options>
                     </field>
                     <field label="Update Files" name="updatedFiles" type="objectlist">
                        <options>
                           <option name="referenceTo">$po:INTERNALB2BFILELISTENER1565084895-updatedFiles</option>
                           <option name="relationshipName">Child</option>
                           <option hide="true" name="multiSelect">true</option>
                           <option name="required">false</option>
                        </options>
                     </field>
                     <field label="Deleted Files" name="deletedFiles" type="objectlist">
                        <options>
                           <option name="referenceTo">$po:INTERNALB2BFILELISTENER1565084895-deletedFiles</option>
                           <option name="relationshipName">Child</option>
                           <option hide="true" name="multiSelect">true</option>
                           <option name="required">false</option>
                        </options>
                     </field>
                  </detail>
               </processObject>
               <processObject xmlns="http://schemas.active-endpoints.com/appmodules/screenflow/2011/06/avosHostEnvironment.xsd"
                              displayName="INTERNALB2BFILELISTENER1565084895-arrivedFiles"
                              isByCopy="true"
                              name="INTERNALB2BFILELISTENER1565084895-arrivedFiles">
                  <description>This process object represents a arrivedFiles structure of the file task field.This is in case of taskflow.</description>
                  <tags/>
                  <detail>
                     <field label="Path" name="path" type="string"/>
                     <field label="Name" name="name" type="string"/>
                     <field label="Size" name="size" type="string"/>
                     <field label="Last Modified" name="lastModified" type="string"/>
                  </detail>
               </processObject>
               <processObject xmlns="http://schemas.active-endpoints.com/appmodules/screenflow/2011/06/avosHostEnvironment.xsd"
                              displayName="INTERNALB2BFILELISTENER1565084895-updatedFiles"
                              isByCopy="true"
                              name="INTERNALB2BFILELISTENER1565084895-updatedFiles">
                  <description>This process object represents a updatedFiles structure of the file task field.This is in case of taskflow.</description>
                  <tags/>
                  <detail>
                     <field label="Path" name="path" type="string"/>
                     <field label="Name" name="name" type="string"/>
                     <field label="Size" name="size" type="string"/>
                     <field label="Last Modified" name="lastModified" type="string"/>
                  </detail>
               </processObject>
               <processObject xmlns="http://schemas.active-endpoints.com/appmodules/screenflow/2011/06/avosHostEnvironment.xsd"
                              displayName="INTERNALB2BFILELISTENER1565084895-deletedFiles"
                              isByCopy="true"
                              name="INTERNALB2BFILELISTENER1565084895-deletedFiles">
                  <description>This process object represents file listener task deletedFiles structure.This is in case of taskflow.</description>
                  <tags/>
                  <detail>
                     <field label="Path" name="path" type="string"/>
                     <field label="Name" name="name" type="string"/>
                     <field label="Size" name="size" type="string"/>
                     <field label="Last Modified" name="lastModified" type="string"/>
                  </detail>
               </processObject>
            </dependencies>
         </taskflow>
      </types1:Entry>
      <types1:GUID>hlWXOpIiXUheIV0flD57yt</types1:GUID>
      <types1:DisplayName>BV_Listner_Taskflow</types1:DisplayName>
   </types1:Item>
   <types1:CurrentServerDateTime>2021-05-19T05:25:35.224Z</types1:CurrentServerDateTime>
</aetgt:getResponse>
